x,truth_pdf,base_pdf,vem_pdf,ecm_pdf,gem_pdf
-6.090295,0.000483,0.000188,0.000183,0.000188,0.000188
-6.045632,0.000560,0.000224,0.000218,0.000224,0.000225
-6.000970,0.000647,0.000267,0.000260,0.000267,0.000267
-5.956307,0.000747,0.000317,0.000309,0.000317,0.000318
-5.911645,0.000861,0.000376,0.000366,0.000376,0.000376
-5.866982,0.000990,0.000444,0.000433,0.000444,0.000444
-5.822320,0.001136,0.000523,0.000511,0.000523,0.000524
-5.777657,0.001302,0.000615,0.000601,0.000615,0.000616
-5.732995,0.001488,0.000721,0.000706,0.000721,0.000722
-5.688332,0.001698,0.000844,0.000826,0.000844,0.000845
-5.643670,0.001934,0.000985,0.000965,0.000985,0.000986
-5.599007,0.002198,0.001147,0.001125,0.001147,0.001148
-5.554345,0.002493,0.001333,0.001308,0.001333,0.001334
-5.509682,0.002822,0.001544,0.001517,0.001544,0.001545
-5.465020,0.003189,0.001785,0.001754,0.001785,0.001786
-5.420357,0.003596,0.002058,0.002024,0.002058,0.002060
-5.375695,0.004047,0.002367,0.002330,0.002367,0.002369
-5.331032,0.004546,0.002716,0.002676,0.002716,0.002718
-5.286370,0.005096,0.003109,0.003065,0.003109,0.003111
-5.241707,0.005701,0.003550,0.003502,0.003550,0.003553
-5.197045,0.006366,0.004044,0.003992,0.004044,0.004046
-5.152382,0.007094,0.004595,0.004539,0.004595,0.004598
-5.107720,0.007890,0.005209,0.005149,0.005209,0.005212
-5.063058,0.008759,0.005890,0.005826,0.005890,0.005893
-5.018395,0.009704,0.006644,0.006576,0.006644,0.006647
-4.973733,0.010729,0.007476,0.007404,0.007476,0.007479
-4.929070,0.011840,0.008392,0.008316,0.008392,0.008395
-4.884408,0.013040,0.009397,0.009317,0.009397,0.009400
-4.839745,0.014334,0.010497,0.010414,0.010497,0.010500
-4.795083,0.015725,0.011697,0.011611,0.011697,0.011700
-4.750420,0.017217,0.013002,0.012914,0.013002,0.013006
-4.705758,0.018814,0.014418,0.014327,0.014418,0.014421
-4.661095,0.020519,0.015949,0.015857,0.015949,0.015952
-4.616433,0.022334,0.017599,0.017507,0.017599,0.017602
-4.571770,0.024262,0.019373,0.019281,0.019373,0.019376
-4.527108,0.026305,0.021274,0.021182,0.021274,0.021276
-4.482445,0.028463,0.023304,0.023214,0.023304,0.023306
-4.437783,0.030739,0.025466,0.025379,0.025466,0.025468
-4.393120,0.033131,0.027760,0.027677,0.027760,0.027761
-4.348458,0.035639,0.030187,0.030110,0.030187,0.030188
-4.303795,0.038262,0.032746,0.032676,0.032746,0.032747
-4.259133,0.040998,0.035436,0.035374,0.035436,0.035436
-4.214470,0.043842,0.038253,0.038201,0.038253,0.038252
-4.169808,0.046792,0.041193,0.041152,0.041193,0.041192
-4.125145,0.049843,0.044251,0.044222,0.044251,0.044249
-4.080483,0.052988,0.047420,0.047405,0.047420,0.047417
-4.035820,0.056222,0.050693,0.050693,0.050693,0.050689
-3.991158,0.059536,0.054058,0.054076,0.054058,0.054054
-3.946495,0.062921,0.057507,0.057543,0.057507,0.057502
-3.901833,0.066368,0.061027,0.061082,0.061027,0.061020
-3.857170,0.069867,0.064604,0.064680,0.064604,0.064597
-3.812508,0.073406,0.068225,0.068322,0.068225,0.068216
-3.767845,0.076974,0.071872,0.071992,0.071872,0.071863
-3.723183,0.080556,0.075531,0.075674,0.075531,0.075521
-3.678520,0.084140,0.079182,0.079349,0.079182,0.079171
-3.633858,0.087711,0.082807,0.082998,0.082807,0.082796
-3.589195,0.091254,0.086388,0.086603,0.086388,0.086376
-3.544533,0.094755,0.089905,0.090143,0.089905,0.089892
-3.499870,0.098197,0.093336,0.093598,0.093336,0.093323
-3.455208,0.101566,0.096664,0.096948,0.096664,0.096650
-3.410545,0.104844,0.099867,0.100173,0.099867,0.099853
-3.365883,0.108017,0.102925,0.103252,0.102925,0.102911
-3.321220,0.111069,0.105820,0.106166,0.105820,0.105806
-3.276558,0.113984,0.108533,0.108895,0.108533,0.108519
-3.231895,0.116747,0.111045,0.111423,0.111045,0.111032
-3.187233,0.119345,0.113342,0.113732,0.113342,0.113329
-3.142570,0.121764,0.115407,0.115807,0.115407,0.115395
-3.097908,0.123991,0.117227,0.117635,0.117227,0.117216
-3.053246,0.126014,0.118789,0.119201,0.118789,0.118779
-3.008583,0.127822,0.120084,0.120497,0.120084,0.120075
-2.963921,0.129408,0.121104,0.121515,0.121104,0.121096
-2.919258,0.130761,0.121842,0.122247,0.121842,0.121836
-2.874596,0.131877,0.122295,0.122690,0.122295,0.122290
-2.829933,0.132749,0.122460,0.122843,0.122460,0.122458
-2.785271,0.133375,0.122340,0.122705,0.122340,0.122339
-2.740608,0.133752,0.121936,0.122281,0.121936,0.121937
-2.695946,0.133880,0.121255,0.121575,0.121255,0.121258
-2.651283,0.133761,0.120303,0.120596,0.120303,0.120309
-2.606621,0.133399,0.119093,0.119354,0.119093,0.119100
-2.561958,0.132799,0.117634,0.117860,0.117634,0.117643
-2.517296,0.131966,0.115943,0.116130,0.115943,0.115954
-2.472633,0.130912,0.114035,0.114181,0.114035,0.114048
-2.427971,0.129644,0.111928,0.112029,0.111928,0.111943
-2.383308,0.128177,0.109642,0.109696,0.109642,0.109659
-2.338646,0.126522,0.107199,0.107203,0.107199,0.107217
-2.293983,0.124696,0.104621,0.104573,0.104621,0.104640
-2.249321,0.122714,0.101931,0.101829,0.101931,0.101952
-2.204658,0.120595,0.099155,0.098997,0.099155,0.099176
-2.159996,0.118357,0.096317,0.096102,0.096317,0.096339
-2.115333,0.116020,0.093443,0.093171,0.093443,0.093466
-2.070671,0.113605,0.090559,0.090228,0.090559,0.090583
-2.026008,0.111134,0.087691,0.087302,0.087691,0.087715
-1.981346,0.108628,0.084866,0.084418,0.084866,0.084889
-1.936683,0.106112,0.082107,0.081601,0.082107,0.082130
-1.892021,0.103607,0.079441,0.078879,0.079441,0.079463
-1.847358,0.101137,0.076891,0.076274,0.076891,0.076913
-1.802696,0.098724,0.074481,0.073810,0.074481,0.074501
-1.758033,0.096392,0.072233,0.071512,0.072233,0.072252
-1.713371,0.094164,0.070168,0.069399,0.070168,0.070185
-1.668708,0.092060,0.068305,0.067492,0.068305,0.068320
-1.624046,0.090102,0.066662,0.065810,0.066662,0.066675
-1.579383,0.088311,0.065256,0.064369,0.065256,0.065267
-1.534721,0.086706,0.064102,0.063185,0.064102,0.064110
-1.490058,0.085304,0.063212,0.062272,0.063212,0.063218
-1.445396,0.084123,0.062598,0.061640,0.062598,0.062602
-1.400733,0.083176,0.062269,0.061300,0.062269,0.062270
-1.356071,0.082478,0.062232,0.061260,0.062232,0.062229
-1.311408,0.082040,0.062491,0.061524,0.062491,0.062486
-1.266746,0.081871,0.063049,0.062096,0.063049,0.063042
-1.222083,0.081978,0.063908,0.062977,0.063908,0.063898
-1.177421,0.082368,0.065066,0.064167,0.065066,0.065054
-1.132759,0.083042,0.066520,0.065661,0.066520,0.066504
-1.088096,0.084001,0.068262,0.067454,0.068262,0.068245
-1.043434,0.085243,0.070287,0.069539,0.070287,0.070267
-0.998771,0.086764,0.072583,0.071906,0.072583,0.072561
-0.954109,0.088556,0.075138,0.074542,0.075138,0.075115
-0.909446,0.090611,0.077939,0.077432,0.077939,0.077915
-0.864784,0.092916,0.080969,0.080562,0.080969,0.080944
-0.820121,0.095458,0.084211,0.083912,0.084211,0.084185
-0.775459,0.098218,0.087644,0.087462,0.087644,0.087617
-0.730796,0.101179,0.091247,0.091190,0.091247,0.091221
-0.686134,0.104319,0.094998,0.095073,0.094998,0.094972
-0.641471,0.107616,0.098872,0.099084,0.098872,0.098846
-0.596809,0.111044,0.102844,0.103198,0.102844,0.102818
-0.552146,0.114577,0.106886,0.107387,0.106886,0.106862
-0.507484,0.118188,0.110972,0.111622,0.110972,0.110949
-0.462821,0.121846,0.115074,0.115873,0.115074,0.115052
-0.418159,0.125524,0.119163,0.120111,0.119163,0.119143
-0.373496,0.129189,0.123210,0.124305,0.123210,0.123192
-0.328834,0.132812,0.127187,0.128426,0.127187,0.127171
-0.284171,0.136362,0.131066,0.132443,0.131066,0.131052
-0.239509,0.139808,0.134818,0.136326,0.134818,0.134807
-0.194846,0.143121,0.138417,0.140048,0.138417,0.138408
-0.150184,0.146272,0.141836,0.143580,0.141836,0.141830
-0.105521,0.149234,0.145052,0.146898,0.145052,0.145049
-0.060859,0.151981,0.148041,0.149975,0.148041,0.148040
-0.016196,0.154488,0.150782,0.152789,0.150782,0.150783
0.028466,0.156734,0.153255,0.155321,0.153255,0.153259
0.073129,0.158699,0.155443,0.157551,0.155443,0.155449
0.117791,0.160366,0.157332,0.159465,0.157332,0.157341
0.162454,0.161721,0.158909,0.161049,0.158909,0.158920
0.207116,0.162753,0.160164,0.162293,0.160164,0.160177
0.251779,0.163453,0.161092,0.163189,0.161092,0.161106
0.296441,0.163817,0.161687,0.163735,0.161687,0.161703
0.341104,0.163842,0.161948,0.163929,0.161948,0.161966
0.385766,0.163529,0.161878,0.163773,0.161878,0.161897
0.430429,0.162884,0.161481,0.163272,0.161481,0.161500
0.475091,0.161913,0.160764,0.162434,0.160764,0.160784
0.519754,0.160627,0.159737,0.161271,0.159737,0.159758
0.564416,0.159040,0.158414,0.159796,0.158414,0.158434
0.609079,0.157166,0.156809,0.158027,0.156809,0.156829
0.653741,0.155025,0.154939,0.155981,0.154939,0.154959
0.698404,0.152638,0.152825,0.153681,0.152825,0.152844
0.743066,0.150026,0.150488,0.151149,0.150488,0.150506
0.787728,0.147213,0.147951,0.148410,0.147951,0.147968
0.832391,0.144227,0.145239,0.145491,0.145239,0.145255
0.877053,0.141093,0.142377,0.142420,0.142377,0.142391
0.921716,0.137838,0.139391,0.139224,0.139391,0.139404
0.966378,0.134490,0.136310,0.135934,0.136310,0.136322
1.011041,0.131079,0.133160,0.132578,0.133160,0.133170
1.055703,0.127630,0.129969,0.129185,0.129969,0.129978
1.100366,0.124172,0.126765,0.125785,0.126765,0.126771
1.145028,0.120732,0.123573,0.122405,0.123573,0.123579
1.189691,0.117335,0.120421,0.119075,0.120421,0.120425
1.234353,0.114006,0.117333,0.115819,0.117333,0.117336
1.279016,0.110768,0.114334,0.112664,0.114334,0.114335
1.323678,0.107642,0.111446,0.109632,0.111446,0.111445
1.368341,0.104647,0.108689,0.106746,0.108689,0.108687
1.413003,0.101803,0.106084,0.104026,0.106084,0.106081
1.457666,0.099124,0.103648,0.101490,0.103648,0.103643
1.502328,0.096625,0.101395,0.099153,0.101395,0.101390
1.546991,0.094316,0.099341,0.097030,0.099341,0.099335
1.591653,0.092207,0.097496,0.095132,0.097496,0.097489
1.636316,0.090305,0.095869,0.093468,0.095869,0.095862
1.680978,0.088616,0.094467,0.092045,0.094467,0.094460
1.725641,0.087142,0.093296,0.090868,0.093296,0.093288
1.770303,0.085884,0.092358,0.089939,0.092358,0.092350
1.814966,0.084841,0.091654,0.089258,0.091654,0.091646
1.859628,0.084010,0.091182,0.088824,0.091182,0.091174
1.904291,0.083386,0.090940,0.088632,0.090940,0.090932
1.948953,0.082964,0.090922,0.088676,0.090922,0.090915
1.993616,0.082736,0.091121,0.088950,0.091121,0.091114
2.038278,0.082691,0.091529,0.089443,0.091529,0.091523
2.082941,0.082821,0.092135,0.090145,0.092135,0.092130
2.127603,0.083114,0.092929,0.091043,0.092929,0.092924
2.172266,0.083557,0.093898,0.092123,0.093898,0.093893
2.216928,0.084138,0.095027,0.093372,0.095027,0.095023
2.261591,0.084842,0.096302,0.094772,0.096302,0.096299
2.306253,0.085657,0.097707,0.096309,0.097707,0.097705
2.350916,0.086566,0.099226,0.097963,0.099226,0.099224
2.395578,0.087556,0.100843,0.099718,0.100843,0.100841
2.440241,0.088612,0.102538,0.101555,0.102538,0.102538
2.484903,0.089720,0.104296,0.103455,0.104296,0.104296
2.529566,0.090863,0.106099,0.105401,0.106099,0.106099
2.574228,0.092029,0.107928,0.107374,0.107928,0.107928
2.618891,0.093202,0.109765,0.109355,0.109765,0.109766
2.663553,0.094370,0.111595,0.111326,0.111595,0.111596
2.708216,0.095519,0.113399,0.113269,0.113399,0.113400
2.752878,0.096635,0.115161,0.115167,0.115161,0.115163
2.797540,0.097709,0.116864,0.117004,0.116864,0.116866
2.842203,0.098726,0.118494,0.118763,0.118494,0.118497
2.886865,0.099678,0.120036,0.120428,0.120036,0.120039
2.931528,0.100554,0.121476,0.121987,0.121476,0.121479
2.976190,0.101345,0.122801,0.123425,0.122801,0.122804
3.020853,0.102043,0.123999,0.124730,0.123999,0.124002
3.065515,0.102639,0.125059,0.125890,0.125059,0.125062
3.110178,0.103127,0.125971,0.126895,0.125971,0.125973
3.154840,0.103502,0.126726,0.127736,0.126726,0.126728
3.199503,0.103758,0.127317,0.128404,0.127317,0.127319
3.244165,0.103890,0.127736,0.128894,0.127736,0.127738
3.288828,0.103897,0.127979,0.129199,0.127979,0.127980
3.333490,0.103774,0.128040,0.129316,0.128040,0.128042
3.378153,0.103521,0.127918,0.129240,0.127918,0.127919
3.422815,0.103137,0.127611,0.128970,0.127611,0.127611
3.467478,0.102620,0.127116,0.128505,0.127116,0.127117
3.512140,0.101973,0.126435,0.127846,0.126435,0.126436
3.556803,0.101196,0.125570,0.126994,0.125570,0.125570
3.601465,0.100291,0.124522,0.125953,0.124522,0.124522
3.646128,0.099262,0.123295,0.124724,0.123295,0.123295
3.690790,0.098110,0.121894,0.123315,0.121894,0.121894
3.735453,0.096841,0.120325,0.121729,0.120325,0.120324
3.780115,0.095459,0.118593,0.119974,0.118593,0.118591
3.824778,0.093968,0.116705,0.118057,0.116705,0.116703
3.869440,0.092374,0.114669,0.115986,0.114669,0.114668
3.914103,0.090682,0.112494,0.113771,0.112494,0.112492
3.958765,0.088900,0.110189,0.111420,0.110189,0.110187
4.003428,0.087032,0.107762,0.108944,0.107762,0.107761
4.048090,0.085087,0.105225,0.106352,0.105225,0.105223
4.092753,0.083070,0.102587,0.103657,0.102587,0.102585
4.137415,0.080990,0.099858,0.100867,0.099858,0.099856
4.182078,0.078852,0.097050,0.097996,0.097050,0.097048
4.226740,0.076664,0.094173,0.095054,0.094173,0.094171
4.271403,0.074435,0.091238,0.092053,0.091238,0.091236
4.316065,0.072170,0.088256,0.089003,0.088256,0.088254
4.360728,0.069877,0.085238,0.085916,0.085238,0.085236
4.405390,0.067563,0.082193,0.082803,0.082193,0.082191
4.450053,0.065235,0.079132,0.079675,0.079132,0.079131
4.494715,0.062901,0.076066,0.076541,0.076066,0.076064
4.539378,0.060565,0.073004,0.073413,0.073004,0.073002
4.584040,0.058236,0.069955,0.070300,0.069955,0.069953
4.628703,0.055919,0.066928,0.067210,0.066928,0.066926
4.673365,0.053619,0.063931,0.064153,0.063931,0.063929
4.718027,0.051343,0.060972,0.061137,0.060972,0.060971
4.762690,0.049095,0.058059,0.058169,0.058059,0.058057
4.807352,0.046880,0.055197,0.055256,0.055197,0.055196
4.852015,0.044703,0.052395,0.052404,0.052395,0.052394
4.896677,0.042568,0.049656,0.049620,0.049656,0.049656
4.941340,0.040479,0.046987,0.046908,0.046987,0.046986
4.986002,0.038439,0.044391,0.044273,0.044391,0.044390
5.030665,0.036451,0.041872,0.041719,0.041872,0.041872
5.075327,0.034518,0.039435,0.039249,0.039435,0.039434
5.119990,0.032642,0.037080,0.036866,0.037080,0.037080
5.164652,0.030826,0.034812,0.034572,0.034812,0.034812
5.209315,0.029070,0.032631,0.032368,0.032631,0.032630
5.253977,0.027376,0.030538,0.030256,0.030538,0.030538
5.298640,0.025745,0.028534,0.028237,0.028534,0.028534
5.343302,0.024177,0.026620,0.026310,0.026620,0.026621
5.387965,0.022674,0.024796,0.024475,0.024796,0.024796
5.432627,0.021234,0.023060,0.022731,0.023060,0.023060
5.477290,0.019858,0.021412,0.021078,0.021412,0.021412
5.521952,0.018546,0.019850,0.019513,0.019850,0.019850
5.566615,0.017296,0.018373,0.018036,0.018373,0.018374
5.611277,0.016108,0.016980,0.016644,0.016980,0.016980
5.655940,0.014981,0.015667,0.015334,0.015667,0.015667
5.700602,0.013914,0.014433,0.014105,0.014433,0.014434
5.745265,0.012904,0.013275,0.012953,0.013275,0.013276
5.789927,0.011952,0.012191,0.011877,0.012191,0.012192
5.834590,0.011054,0.011178,0.010872,0.011178,0.011179
5.879252,0.010209,0.010233,0.009936,0.010233,0.010234
5.923915,0.009416,0.009353,0.009066,0.009353,0.009354
5.968577,0.008673,0.008536,0.008260,0.008536,0.008536
6.013240,0.007977,0.007777,0.007512,0.007777,0.007778
6.057902,0.007326,0.007075,0.006822,0.007075,0.007075
6.102565,0.006720,0.006426,0.006185,0.006426,0.006427
6.147227,0.006155,0.005827,0.005598,0.005827,0.005828
6.191890,0.005630,0.005276,0.005059,0.005276,0.005277
6.236552,0.005142,0.004770,0.004564,0.004770,0.004770
6.281215,0.004690,0.004305,0.004112,0.004305,0.004305
6.325877,0.004272,0.003879,0.003698,0.003879,0.003880
6.370540,0.003886,0.003490,0.003320,0.003490,0.003491
6.415202,0.003530,0.003136,0.002976,0.003136,0.003136
6.459865,0.003202,0.002812,0.002664,0.002812,0.002813
6.504527,0.002900,0.002518,0.002380,0.002518,0.002519
6.549190,0.002623,0.002252,0.002124,0.002252,0.002252
6.593852,0.002370,0.002010,0.001892,0.002010,0.002010
6.638514,0.002138,0.001791,0.001682,0.001791,0.001792
6.683177,0.001926,0.001594,0.001493,0.001594,0.001594
6.727839,0.001732,0.001416,0.001324,0.001416,0.001417
6.772502,0.001556,0.001256,0.001172,0.001256,0.001257
6.817164,0.001396,0.001113,0.001035,0.001113,0.001113
6.861827,0.001250,0.000984,0.000913,0.000984,0.000984
6.906489,0.001119,0.000869,0.000804,0.000869,0.000869
6.951152,0.000999,0.000766,0.000707,0.000766,0.000766
6.995814,0.000891,0.000674,0.000621,0.000674,0.000674
7.040477,0.000794,0.000592,0.000544,0.000592,0.000592
7.085139,0.000706,0.000520,0.000476,0.000520,0.000520
7.129802,0.000628,0.000455,0.000416,0.000455,0.000455
7.174464,0.000557,0.000398,0.000363,0.000398,0.000398
7.219127,0.000493,0.000348,0.000316,0.000348,0.000348
7.263789,0.000436,0.000303,0.000275,0.000303,0.000303
